id,name,email,address,city,state,country,date_added,total,modeofpay,order_id,sale hour,sale year,sale month,sale day
1,veena,veena@mail.com,77715,Chennai,Tamil Nadu,India,20:28.2,1000,debit,1,5,2020,6,9
2,Jesus,jesus@mail.com,777,Chennai,Tamil Nadu,India,09:59.1,4385,cash,2,6,2020,6,9
3,man,man@mail.com,123,Madurai,Tamil Nadu,India,16:53.1,1500,debit,3,10,2020,6,9
4,sam,sam@mail.com,12121,Chennai,Tamil Nadu,India,27:04.2,15,cash,4,10,2020,6,9
5,sam,sam@mail.com,12121,Chennai,Tamil Nadu,India,27:07.4,15,cash,5,10,2020,6,9
6,girlam,g@mail.com,23432,Chennai,Tamil Nadu,India,32:21.7,1500,credit,6,10,2020,6,9
7,tomatoman,tomato@mail.com,5674,Chennai,Tamil Nadu,India,42:35.0,25,net banking,7,10,2020,6,9
8,naresh,nar@mail.com,7787,Chennai,Tamil Nadu,India,08:11.1,2000,debit,8,11,2020,6,9
9,Nash,n@mail.com,134,Chennai,Tamil Nadu,India,50:44.4,30000,cash,9,11,2020,6,9
10,eve,sobba@gmail.com,146,Chennai,Tamil Nadu,India,26:10.6,1000,credit,10,12,2020,6,9
11,Sathish ,xyz@Gmail.com,Cuz ,Chennai,Tamil Nadu,India,37:42.0,30000,credit,11,12,2020,6,9
12,Sathish ,xyz@Gmail.com,Cuz ,Chennai,Tamil Nadu,India,37:42.8,30000,credit,12,12,2020,6,9
13,Sathish ,xyz@Gmail.com,Cuz ,Chennai,Tamil Nadu,India,37:46.8,30000,credit,13,12,2020,6,9
14,Sathish ,xyz@Gmail.com,Cuz ,Chennai,Tamil Nadu,India,37:47.7,30000,credit,14,12,2020,6,9
15,Sathish ,xyz@Gmail.com,Cuz ,Chennai,Tamil Nadu,India,37:51.7,30000,credit,15,12,2020,6,9
16,Sathish ,xyz@Gmail.com,Cuz ,Chennai,Tamil Nadu,India,37:52.6,30000,credit,16,12,2020,6,9
17,Sathish ,xyz@Gmail.com,Cuz ,Chennai,Tamil Nadu,India,37:56.5,30000,credit,17,12,2020,6,9
18,Manojkumar,manoj.ravi94@gmail.com,"no:5/1 Main road, A.G.D Nagar,",Chennai,Tamil Nadu,India,47:56.9,40,debit,18,12,2020,6,9
19,DK,dk@dk.com,,,Tamil Nadu,India,51:53.9,200,credit,19,12,2020,6,9
20,Ashura,ashurarak@gmail.com,"No.34 Navrang cool ,Daladi, ",Daladi,Gujarat,India,05:21.1,17605,cash,20,13,2020,6,9
21,Ashura,ashurarak@gmail.com,"No.34 Navrang cool ,Daladi, ",Daladi,Gujarat,India,05:29.1,17605,cash,21,13,2020,6,9
22,Ashura,ashurarak@gmail.com,"No.34 Navrang cool ,Daladi, ",Daladi,Gujarat,India,05:33.4,17605,cash,22,13,2020,6,9
23,Ashura,ashurarak@gmail.com,"No.34 Navrang cool ,Daladi, ",Daladi,Gujarat,India,05:41.5,17605,cash,23,13,2020,6,9
24,Monish Padma Shankar C,maatupayal@maatukari.com,"No. 12, maadasamy street",Maattupatti,Nashville,United States of America,18:58.3,18340,net banking,24,14,2020,6,9
25,Monish Padma Shankar C,maatupayal@maatukari.com,"No. 12, maadasamy street",Maattupatti,Nashville,United States of America,19:03.1,18340,net banking,25,14,2020,6,9
26,Monish Padma Shankar C,maatupayal@maatukari.com,"No. 12, maadasamy street",Maattupatti,Nashville,United States of America,19:06.3,18340,net banking,26,14,2020,6,9
27,Monish Padma Shankar C,maatupayal@maatukari.com,"No. 12, maadasamy street",Maattupatti,Nashville,United States of America,19:11.0,18340,net banking,27,14,2020,6,9
28,Arun,Arun@gmail.com,No 2 bankcolony 2nd atreet,Chennai,Tamil Nadu,India,12:41.2,44800,debit,28,15,2020,6,9
29,candy,candy@gmail.com,15f,Chennai,Tamil Nadu,India,57:06.5,400,debit,29,15,2020,6,9
30,arul,arul@gmail.com,12,Chennai,Tamil Nadu,India,02:42.8,790,debit,30,16,2020,6,9
31,arul,arul@gmail.com,12,Chennai,Tamil Nadu,India,02:51.1,790,debit,31,16,2020,6,9
32,chitra,chithra@gmail.com,146,Chennai,Tamil Nadu,India,05:59.0,13545,credit,32,16,2020,6,9
33,divya,divya@gmail.com,144,Chennai,Tamil Nadu,India,09:52.6,13650,credit,33,16,2020,6,9
34,abi,abi@gmail.com,45,Chennai,Tamil Nadu,India,18:55.4,500,credit,34,16,2020,6,9
35,amudha,amudha@gmail.com,12,Bangalore,karnataka,India,23:25.1,8000,credit,35,16,2020,6,9
36,manya,manya@gmail.com,12,Salem,Tamil Nadu,India,26:22.0,3000,credit,36,16,2020,6,9
37,manya,manya@gmail.com,12,Salem,Tamil Nadu,India,26:24.3,3000,credit,37,16,2020,6,9
38,kavin,kavin@gmail.com,56,Thiruchi,Tamil Nadu,India,28:17.4,2750,credit,38,16,2020,6,9
39,chithuma,chithu@gmail.com,85,auroville,pondicherry,India,47:58.2,0,net banking,39,16,2020,6,9
40,mano,mano@gmail.com,3,Mumbai,Maharastra,India,50:19.5,1050,credit,40,16,2020,6,9
41,dilip,dilip@gmail.com,846,agra,uttar pradesh,India,52:18.6,1250,cash,41,16,2020,6,9
42,magesh,mag@gmail.com,92,Bangalore,karnataka,India,53:59.6,435,cash,42,16,2020,6,9
43,ganesh,ganesh@gmail.com,88,Kolkata,West Bengal,India,57:56.7,2600,net banking,43,16,2020,6,9
44,loshana,lochi@gmail.com,48,indore,Madhya Pradesh,India,00:35.3,600,debit,44,17,2020,6,9
45,agila,hugi@gmail.com,987,indore,Madhya Pradesh,India,02:21.6,120,cash,45,17,2020,6,9
46,satheesh,sathz@gmail.com,1009,indore,Madhya Pradesh,India,04:16.9,3100,net banking,46,17,2020,6,9
47,devi,devi@gmail.com,389,Chennai,Tamil Nadu,India,06:27.6,1055,debit,47,17,2020,6,9
48,preethi,petz@gmail.com,376,Surat,Gujarat,India,07:58.5,4000,credit,48,17,2020,6,9
49,preethi,petz@gmail.com,376,Surat,Gujarat,India,08:01.9,4000,credit,49,17,2020,6,9
50,sudha,sudha@gmail.com,80,Bangalore,Karnataka,India,09:29.5,200,debit,50,17,2020,6,9
51,viji,viji@gmail.com,42,Madurai,Tamil Nadu,India,11:05.8,12900,debit,51,17,2020,6,9
52,sindhuja,sindhu@gmail.com,787,New Delhi,New Delhi,India,12:46.4,520,cash,52,17,2020,6,9
53,Rajesh,raj@gmail.com,83,Madurai,Tamil Nadu,India,15:21.5,1025,credit,53,17,2020,6,9
54,ram,ram@gmail.com,15,Chennai,Tamil Nadu,India,17:10.6,1000,debit,54,17,2020,6,9
55,reshma,resh@gmail.com,933,Madurai,Tamil Nadu,India,18:43.3,600,net banking,55,17,2020,6,9
56,sanmathi,sanz@gmaill.com,74,Thanjavur,Tamil Nadu,India,20:48.3,435,cash,56,17,2020,6,9
57,saran,saran@gmail.com,69,Bangalore,Karnataka,India,22:35.8,2150,debit,57,17,2020,6,9
58,Bernice,bernice@gmil.com,378,Mumbai,Maharastra,India,24:52.8,3400,credit,58,17,2020,6,9
59,Roshan,roshan@gmail.com,,Kolkata,West Bengal,India,26:29.3,140,credit,59,17,2020,6,9
60,Giri,giri@gmail.com,340,Hyderabad,Telangana,India,28:25.1,240,cash,60,17,2020,6,9
61,Sambavi,sam@gmail.com,6,Madurai,Tamil Nadu,India,30:42.7,900,debit,61,17,2020,6,9
62,Selvi,Selvi@gmail.com,882,Thanjavur,Tamil Nadu,India,32:55.3,5000,cash,62,17,2020,6,9
63,aravind,arvnd@gmail.com,890,Chennai,Tamil Nadu,India,36:27.0,2100,debit,63,17,2020,6,9
64,Ashwini,ash@gmail.com,639,Madurai,Tamil Nadu,India,38:07.2,1900,cash,64,17,2020,6,9
65,zibiya,zib@gmail.com,522,Kolkata,West Bengal,India,39:49.3,27000,debit,65,17,2020,6,9
66,Pavan,pavan@gmail.com,754,Kolkata,West Bengal,India,41:35.5,1225,net banking,66,17,2020,6,9
67,Dhakshan,dhakshu@gmail.com,821,Pune,Maharastra,India,43:34.3,80,cash,67,17,2020,6,9
68,Reshwanth,reshwa@gmail.com,44,Thanjavur,Tamil Nadu,India,45:40.4,2450,credit,68,17,2020,6,9
69,vino,vinu@gmail.com,496,Chennai,Tamil Nadu,India,47:37.1,3355,debit,69,17,2020,6,9
70,Srivithya,sri@gmail.com,575,Chennai,Tamil Nadu,India,49:54.4,490,cash,70,17,2020,6,9
71,Priya,priya@gmail.com,111,Nagpur,Maharastra,India,51:42.9,1525,credit,71,17,2020,6,9
72,Shiva,siva@gmail.com,1112,Pune,Maharastra,India,53:28.7,4930,debit,72,17,2020,6,9
73,shelby,shz@gmail.com,471,Chennai,Tamil Nadu,India,56:15.6,755,credit,73,17,2020,6,9
74,Ben,ben@gmail.com,99,Chennai,Tamil Nadu,India,57:59.5,545,credit,74,17,2020,6,9
75,Thomas,Thomas@gmail.com,620,Pune,Maharastra,India,01:05.4,1560,credit,75,18,2020,6,9
76,Thomas,Thomas@gmail.com,620,Pune,Maharastra,India,01:06.8,1560,credit,76,18,2020,6,9
77,Alfred,alfred@gmail.cpm,43,kanpur,Tamil Nadu,India,03:21.9,1095,debit,77,18,2020,6,9
78,Alfred Daes,daes@gmail.com,389,Bhopal,Madhya Pradesh,India,05:55.4,1000,credit,78,18,2020,6,9
79,Jannu,janu@gmail.com,345,Chennai,Tamil Nadu,India,19:09.9,4340,credit,79,18,2020,6,9
80,ramu,ramu@mail.com,41233as,coimbatore,Tamil Nadu,India,19:21.7,355,cash,80,18,2020,6,9
81,ashly,ashly@mail.com,2413,Chennai,Tamil Nadu,India,22:15.9,1800,net banking,81,18,2020,6,9
82,Nikitha,niki@gmail.com,463,Chennai,Tamil Nadu,India,22:27.0,48000,cash,82,18,2020,6,9
83,Thresa,thrsa@gmail.com,675,Bangalore,Karnataka,India,23:58.6,2355,debit,83,18,2020,6,9
84,walter,walter@mail.com,as12dw,Pondicherry,Tamil Nadu,India,25:20.6,3500,debit,84,18,2020,6,9
85,Thabitha,thabi@gmail.com,908,Chennai,Tamil Nadu,India,26:36.1,270,credit,85,18,2020,6,9
86,Nivya,nivi@gmail.com,345,Chennai,Tamil Nadu,India,21:40.1,18000,debit,86,19,2020,6,9
87,akshaya,ash@gmail.com,866,Chennai,Tamil Nadu,India,24:45.9,110,credit,87,19,2020,6,9
88,Musamil Khan,khan@gmail.com,438,Pune,Maharastra,India,26:50.5,2200,credit,88,19,2020,6,9
89,Agilan,agi@gmail.com,578,Chennai,Tamil Nadu,India,28:42.3,1040,credit,89,19,2020,6,9
90,Nakshatra,naksha@gmail.com,490,Bangalore,Karnataka,India,30:10.0,1700,debit,90,19,2020,6,9
91,Nila,nila@gmail.com,465,Bangalore,Tamil Nadu,India,32:34.3,855,credit,91,19,2020,6,9
92,Rekha,rhka@gmail.com,953,Pune,Maharastra,India,35:29.8,20700,credit,92,19,2020,6,9
93,Vishnu,vishnu@gmail.com,333,Bhopal,Madhya Pradesh,India,37:40.5,1990,cash,93,19,2020,6,9
94,Alex,alex@gmail.com,898,New Delhi,New Delhi,India,39:39.5,18460,credit,94,19,2020,6,9
95,Vikas,vikas@gmail.com,389,Chennai,Tamil Nadu,India,43:12.1,1260,debit,95,19,2020,6,9
96,Amit,amit@gmail.com,365,Chennai,Tamil Nadu,India,45:22.8,670,credit,96,19,2020,6,9
97,Rachel,rech@gmail.com,418,Bangalore,Karnataka,India,48:16.2,2500,debit,97,19,2020,6,9
98,Ramya,ramya@gmail.com,86,Hyderabad,Telangana,India,51:02.1,22425,credit,98,19,2020,6,9
99,Archana,archu@gmail.com,555,Pune,Maharastra,India,52:44.8,1200,credit,99,19,2020,6,9
100,Dharshini,dharshi@gmail.com,324,Bangalore,Karnataka,India,54:26.2,5800,debit,100,19,2020,6,9
101,Srista,srist@gmail.com,664,Pune,Maharastra,India,56:16.5,1325,credit,101,19,2020,6,9
102,Daisy,daz@gmail.com,73,Thanjavur,Tamil Nadu,India,58:01.2,140,credit,102,19,2020,6,9
103,Magesh,Magesh@gmail.com,No 7 ganga street porur,Chennai,Tamil Nadu,India,58:07.3,750,debit,103,19,2020,6,9
104,Krishna,Krishna@gmail.com,No5 Arul nagar 5th street ,Chennai,Tamil Nadu,India,59:49.5,1000,debit,104,19,2020,6,9
105,Arjun,arjun@gmail.com,457,Madurai,Tamil Nadu,India,00:33.2,210,credit,105,20,2020,6,9
106,Kesavan,Kesava@gmail.com,No16 ganthi street perambur ,Chennai,Tamil Nadu,India,01:26.3,600,credit,106,20,2020,6,9
107,Guna,Guna@gmail,No108 kumuran street thambaram ,Chennai,Tamil Nadu,India,03:21.3,60,cash,107,20,2020,6,9
110,Dinesh,Dinesh@gmail.com,No 432 nsk 5 th street moolakkadai,Chennai,Tamil Nadu,India,05:04.3,2500,debit,110,20,2020,6,9
111,Kevin,kevin@gmail.com,35,Chennai,Tamil Nadu,India,05:48.1,970,credit,111,20,2020,6,9
112,Hashini,hash@gmail.com,89,Chennai,Tamil Nadu,India,07:39.5,12000,debit,112,20,2020,6,9
114,Revathy,revathyarul@gmail.com,146,Chennai,Tamil Nadu,India,12:07.9,115,debit,114,20,2020,6,9
115,Baymax,bay@gmail.com,1,Chennai,Tamil Nadu,India,13:49.0,31500,credit,115,20,2020,6,9
116,Catherine,catherine@gmail.com,15,Chennai,Tamil Nadu,India,16:17.9,80,credit,116,20,2020,6,9
117,Catherine,catherine@gmail.com,15,Chennai,Tamil Nadu,India,16:18.5,80,credit,117,20,2020,6,9
118,Lavanya,lavanya@gmail.com,345,Bangalore,Karnataka,India,18:41.9,2880,debit,118,20,2020,6,9
119,lakshmi,lashu@gmail.com,222,Chennai,Tamil Nadu,India,20:35.5,230,credit,119,20,2020,6,9
120,Swetha,Swetha@gmail.com,1212,Chennai,Tamil Nadu,India,22:11.9,3520,credit,120,20,2020,6,9
121,kushboo,kushbo@gmail.com,8,Hyderabad,Telangana,India,24:11.7,1300,credit,121,20,2020,6,9
122,Divya,divya@gmail.com,765,Chennai,Tamil Nadu,India,25:20.5,12400,credit,122,20,2020,6,9
123,kani,kani@gmail.com,34,Chennai,Tamil Nadu,India,26:39.0,1200,credit,123,20,2020,6,9
124,Gini,gini@gmail.com,360,Bangalore,Karnataka,India,27:48.3,80,credit,124,20,2020,6,9
125,Gini,gini@gmail.com,360,Bangalore,Karnataka,India,27:50.8,80,credit,125,20,2020,6,9
126,sandhya,sandy@gmail.com,33,Kolkata,West Bengal,India,29:28.8,1400,credit,126,20,2020,6,9
127,Sumithra,sumi@gmail.com,348,Jaipur,Rajasthan,India,31:54.8,19900,credit,127,20,2020,6,9
128,Srinithi,sri@gmail.com,11,Jaipur,Rajasthan,India,33:03.7,1300,credit,128,20,2020,6,9
129,Jagan,jaggu@gmail.com,654,Chennai,Tamil Nadu,India,34:33.1,1300,credit,129,20,2020,6,9
130,Arun,arun@gmail.com,430,Pune,Maharastra,India,36:38.3,18920,credit,130,20,2020,6,9
131,Manoj,manoj@gmail.com,111,Jaipur,Rajasthan,India,38:10.3,1550,credit,131,20,2020,6,9
132,Rakki,rak@gmail.com,23,Bangalore,Karnataka,India,39:48.8,40,credit,132,20,2020,6,9
133,Lokeshwaran,Lok@gmail.com,91,Chennai,Tamil Nadu,India,41:50.3,100,debit,133,20,2020,6,9
134,Kavi,Kavi@gmail.com,52,Bangalore,Karnataka,India,43:13.5,240,debit,134,20,2020,6,9
135,Murugan,mur@gmail.com,56,Bangalore,Karnataka,India,44:23.8,65,credit,135,20,2020,6,9
136,Naveen,naveen@gmail.com,23,Pune,Maharastra,India,45:50.3,55,credit,136,20,2020,6,9
137,Elavarasan,ela@gmail.com,51,Jaipur,Rajasthan,India,48:29.0,1200,credit,137,20,2020,6,9
138,Santhosh,santh@gmail.com,56,Madurai,Tamil Nadu,India,49:45.4,120,credit,138,20,2020,6,9
139,Harish,harish@gmail.com,50,Madurai,Tamil Nadu,India,51:23.2,830,credit,139,20,2020,6,9
140,Dhilibabu,dhili@gmail.com,69,Madurai,Tamil Nadu,India,52:43.9,400,credit,140,20,2020,6,9
141,Ram,ram@gmail.com,12,Chennai,Tamil Nadu,India,11:06.0,1300,debit,141,21,2020,6,9
142,Bala,bala@gmail.com,116,Chennai,Tamil Nadu,India,12:19.5,55,credit,142,21,2020,6,9
143,Eswanthi,mesh@gmail.com,56,Chennai,Tamil Nadu,India,13:18.7,4500,cash,143,21,2020,6,9
144,Kanmani,kanmani@gmail.com,44,Chennai,Tamil Nadu,India,14:33.1,800,credit,144,21,2020,6,9
145,Nagesh,nag@gnail.com,56,Chennai,Tamil Nadu,India,15:26.8,1400,cash,145,21,2020,6,9
146,Loganathan,log@gmail.com,70,Chennai,Tamil Nadu,India,16:21.5,425,credit,146,21,2020,6,9
147,Loganathan,log@gmail.com,70,Chennai,Tamil Nadu,India,16:21.5,425,credit,147,21,2020,6,9
148,Meera,meera@gmail.com,65,Chennai,Tamil Nadu,India,17:25.4,1550,credit,148,21,2020,6,9
149,Mala,mala@gmail.com,65,Chennai,Tamil Nadu,India,18:15.6,450,credit,149,21,2020,6,9
150,Latha,latha@gmail.com,7,Chennai,Tamil Nadu,India,19:21.1,2000,credit,150,21,2020,6,9
151,Sowmya,sow@gmail.com,4,Chennai,Tamil Nadu,India,21:16.3,75,credit,151,21,2020,6,9
152,Sowmya,sow@gmail.com,4,Chennai,Tamil Nadu,India,22:06.8,75,debit,152,21,2020,6,9
153,Geetha,get@gmail.com,3,Chennai,Tamil Nadu,India,23:26.8,1040,credit,153,21,2020,6,9
154,Peter,peter@gmail.com,8,Chennai,Tamil Nadu,India,24:49.9,120,cash,154,21,2020,6,9
155,Albin,albin@gmail.com,30,Chennai,Tamil Nadu,India,26:14.2,80,credit,155,21,2020,6,9
156,Eshwar,eshwar@gmail.com,,Chennai,Tamil Nadu,India,27:33.3,480,credit,156,21,2020,6,9
157,Joseph,joseph@gmail.com,70,Chennai,Tamil Nadu,India,28:57.9,29450,credit,157,21,2020,6,9
158,Peter,peter@gmail.com,5,Chennai,Tamil Nadu,India,31:07.2,3000,credit,158,21,2020,6,9
159,Philips,philips@gmail.com,9,Chennai,Tamil Nadu,India,32:34.3,70,credit,159,21,2020,6,9
160,Andrew,andrew@gmail.com,21,Chennai,Tamil Nadu,India,33:42.4,1800,credit,160,21,2020,6,9
161,James,james@gmail.com,63,Chennai,Tamil Nadu,India,35:05.6,2300,debit,161,21,2020,6,9
162,John,john@gmail.com,50,Chennai,Tamil Nadu,India,36:19.6,250,credit,162,21,2020,6,9
163,Simon,simon@gamil.com,61,Chennai,Tamil Nadu,India,37:20.0,100,debit,163,21,2020,6,9
164,Mathew,mathew@gmail.com,1,Chennai,Tamil Nadu,India,38:30.3,2000,credit,164,21,2020,6,9
165,Thaddeus,thaddeus@gmail.com,59,Chennai,Tamil Nadu,India,40:26.5,820,credit,165,21,2020,6,9
166,Judas,judas@gmail.com,61,Chennai,Tamil Nadu,India,41:44.0,70,cash,166,21,2020,6,9
167,Kavya,kvya@gmail.com,426,Chennai,Tamil Nadu,India,43:46.8,1890,credit,167,21,2020,6,9
168,Adlin,adlin@gmail.com,578,Chennai,Tamil Nadu,India,44:57.7,1000,debit,168,21,2020,6,9
169,Rebecca,reb@gmail.com,628,Chennai,Tamil Nadu,India,45:55.9,2400,net banking,169,21,2020,6,9
170,Ester,ester@gmail.com,410,Chennai,Tamil Nadu,India,46:59.7,2900,net banking,170,21,2020,6,9
171,Shebba,shebba@gmail.com,509,Chennai,Tamil Nadu,India,48:27.2,3020,net banking,171,21,2020,6,9
172,SRIPRASANNA,prasanna1997greenpeace@gmail.com,NO 77 k.k Nagar,Chennai,Tamil Nadu,India,09:32.0,1500,cash,172,15,2020,6,10
173,Nash,na@mail.com,123,Bangalore,Karnataka,India,09:49.9,1500,cash,173,15,2020,6,10
174,Beena,been@mail.com,65a,Bangalore,Karnataka,India,18:40.5,290,cash,174,15,2020,6,10
175,Jhon,jhon.ab@gmail.com,Th324,Bangalore,Karnataka,India,45:48.4,1700,credit,175,15,2020,6,10
176,Yeshwanth,yes@gmail.com,Re34,Bangalore,Karnataka,India,48:04.8,1060,net banking,176,15,2020,6,10
177,sumi,sumi@gmail.com,123,Chennai,Tamil Nadu,India,37:19.2,400,net banking,177,5,2020,6,11
178,selvam,sel@gmail.com,134,Chennai,Tamil Nadu,India,43:48.0,1825,debit,178,5,2020,6,11
179,prisci,pri@gmail.com,12,Chennai,Tamil Nadu,India,48:36.1,2000,credit,179,5,2020,6,11
180,judi,judi@gmail.com,23,Chennai,Tamil Nadu,India,50:36.4,400,cash,180,5,2020,6,11
181,krithika,kri@gmail.com,45,Chennai,Tamil Nadu,India,52:21.1,18450,net banking,181,5,2020,6,11
182,ganga,ganga@gmail.com,56,Chennai,Tamil Nadu,India,54:11.0,45,credit,182,5,2020,6,11
183,ashika,ash@gmail.com,67,Chennai,Tamil Nadu,India,55:34.4,60,debit,183,5,2020,6,11
184,abarna,abar@gmail.com,67,Chennai,Tamil Nadu,India,56:51.8,400,net banking,184,5,2020,6,11
185,ramya  ,ram@gmail.com,98,Chennai,Tamil Nadu,India,58:25.9,500,credit,185,5,2020,6,11
186,hemalatha,hema@gmail.om,78,Chennai,Tamil Nadu,India,59:38.9,1500,credit,186,5,2020,6,11
187,moulika,mouli@mail.com,89,Chennai,Tamil Nadu,India,01:04.3,2300,net banking,187,6,2020,6,11
188,monish,moni@gmail.com,78,Chennai,Tamil Nadu,India,02:35.1,15,cash,188,6,2020,6,11
189,mahe,mahe@gmail.com,17,Chennai,Tamil Nadu,India,03:57.1,145,debit,189,6,2020,6,11
190,mahe,mahe@gmail.com,17,Chennai,Tamil Nadu,India,03:58.4,145,debit,190,6,2020,6,11
191,vasanth,vas@gmail.com,98,Chennai,Tamil Nadu,India,06:14.9,18000,cash,191,6,2020,6,11
192,anitha,ani@gmail.com,98,Madurai,Tamil Nadu,India,08:39.0,600,credit,192,6,2020,6,11
193,nandhini,nandhi@gmail.com,76,Bangalore,Karnataka,India,10:43.9,2480,cash,193,6,2020,6,11
194,preethi,pree@gmail.com,34,Chennai,Tamil Nadu,India,12:03.8,400,credit,194,6,2020,6,11
195,rekha,rekha@gmail.com,87,Chennai,Tamil Nadu,India,13:53.4,2500,net banking,195,6,2020,6,11
196,keerthana,keerthi@gmail.com,45,Chennai,Tamil Nadu,India,15:29.4,440,debit,196,6,2020,6,11
197,kalaivani,kalai@gmail.com,76,Chennai,Tamil Nadu,India,17:07.3,6300,cash,197,6,2020,6,11
198,priya,pri@gmail.com,34,Chennai,Tamil Nadu,India,18:32.7,15000,credit,198,6,2020,6,11
199,kamleshwaari,kam@gmail.com,43,Chennai,Tamil Nadu,India,19:43.9,140,credit,199,6,2020,6,11
200,arthi,art@gmail.com,21,Chennai,Tamil Nadu,India,21:11.1,500,credit,200,6,2020,6,11
201,roopa,roo@gmail.com,12,Chennai,Tamil Nadu,India,24:12.9,600,cash,201,6,2020,6,11
202,chithra devi,devi@gmail.com,34,Chennai,Tamil Nadu,India,25:40.8,32450,credit,202,6,2020,6,11
203,ranjana,ran@gmail.com,70,Chennai,Tamil Nadu,India,26:44.8,200,cash,203,6,2020,6,11
204,rajshri,raj@gmail.com,67,Chennai,Tamil Nadu,India,27:53.6,40,cash,204,6,2020,6,11
205,charu,char@gmail.com,45,Chennai,Tamil Nadu,India,28:51.2,400,net banking,205,6,2020,6,11
206,harini,har@gmail.com,67,Chennai,Tamil Nadu,India,29:53.7,40,credit,206,6,2020,6,11
207,ishwariya,ishu@gmail.com,778,Chennai,Tamil Nadu,India,31:10.5,1250,debit,207,6,2020,6,11
208,meenakshi,meena@gmail.com,786,Chennai,Tamil Nadu,India,32:43.8,200,credit,208,6,2020,6,11
209,pooja,pooja@gmail.com,89,Chennai,Tamil Nadu,India,34:12.7,60,debit,209,6,2020,6,11
210,bhavani,bhav@gmail.com,879,Chennai,Tamil Nadu,India,35:43.7,120,credit,210,6,2020,6,11
211,padma,padma@gmail.com,765,Chennai,Tamil Nadu,India,37:39.5,500,credit,211,6,2020,6,11
212,indra,ind@gmail.com,78,Chennai,Tamil Nadu,India,38:57.5,25,credit,212,6,2020,6,11
213,ashwini,ashw@gmail.com,456,Bangalore,karnataka,India,40:36.3,40,cash,213,6,2020,6,11
214,nivetha,nive@gmail.com,987,Chennai,Tamil Nadu,India,42:27.7,1400,credit,214,6,2020,6,11
215,jothika,jothi@gmail.com,98,Chennai,Tamil Nadu,India,43:36.1,1300,credit,215,6,2020,6,11
216,mythraye,mythra@gmail.com,568,Chennai,Tamil Nadu,India,44:57.5,70,net banking,216,6,2020,6,11
217,nithyaja,nithya@gmail.com,87,Chennai,Tamil Nadu,India,46:52.4,25,debit,217,6,2020,6,11
218,pavithra,pavi@gmail.com,65,Chennai,Tamil Nadu,India,48:04.5,65,credit,218,6,2020,6,11
219,haripriya,hari@gmil.com,759,Chennai,Tamil Nadu,India,50:21.8,3500,cash,219,6,2020,6,11
220,logeshwari,logesh@gmail.com,56,Chennai,Tamil Nadu,India,00:31.8,55,debit,220,7,2020,6,11
221,varshini,varsh@gmail.com,234,Chennai,Tamil Nadu,India,02:24.1,55,debit,221,7,2020,6,11
222,deepika,deepi@gmail.com,76,Chennai,Tamil Nadu,India,04:03.7,1000,cash,222,7,2020,6,11
223,ashvitha,ashvi@gmail.com,12,Chennai,Tamil Nadu,India,05:24.6,1300,credit,223,7,2020,6,11
224,manjula,manju@gmail.com,76,Chennai,Tamil Nadu,India,06:25.1,800,credit,224,7,2020,6,11
225,rakshini,rakshi@gmail.com,765,Chennai,Tamil Nadu,India,07:33.0,18000,credit,225,7,2020,6,11
226,kubra,kub@gmail.com,987,Chennai,Tamil Nadu,India,08:57.6,500,credit,226,7,2020,6,11
227,varsha,var@gmail.com,54,Chennai,Tamil Nadu,India,10:13.4,55,cash,227,7,2020,6,11
228,sanofer,sanof@gmail.com,234,Chennai,Tamil Nadu,India,11:19.6,1400,debit,228,7,2020,6,11
229,sangeetha,sangi@gmail.com,34,Chennai,Tamil Nadu,India,12:24.4,85,net banking,229,7,2020,6,11
230,jamila ,jami@gmail.com,233,Chennai,Tamil Nadu,India,13:50.5,18000,credit,230,7,2020,6,11
231,rofiya,rofi@gmail.com,345,Chennai,Tamil Nadu,India,15:08.9,4500,cash,231,7,2020,6,11
232,monisha,moni@gmail.com,87,Chennai,Tamil Nadu,India,16:44.0,70,credit,232,7,2020,6,11
233,devika,devi@gmail.com,65,Chennai,Tamil Nadu,India,17:40.0,40,credit,233,7,2020,6,11
234,deepa,dee@gmail.com,123,Chennai,Tamil Nadu,India,18:52.2,12000,credit,234,7,2020,6,11
235,praveena,pravee@gmail.com,45,Chennai,Tamil Nadu,India,20:29.2,440,cash,235,7,2020,6,11
236,annistella,anni@gmail.com,76,Chennai,Tamil Nadu,India,21:40.5,200,credit,236,7,2020,6,11
237,jayalakshmi,jaya@gmail.com,45,Chennai,Tamil Nadu,India,23:00.0,40,debit,237,7,2020,6,11
238,kavitha,kavi@gmail.com,225,Chennai,Tamil Nadu,India,24:16.4,800,net banking,238,7,2020,6,11
239,merini,meri@gmail.com,87,Chennai,Tamil Nadu,India,26:36.7,140,net banking,239,7,2020,6,11
240,mercy,mer@gmail.com,76,Madurai,Tamil Nadu,India,27:44.7,55,credit,240,7,2020,6,11
241,lizzy,liz@gmail.com,344,Madurai,Tamil Nadu,India,28:57.7,40,credit,241,7,2020,6,11
242,malarvizhi,malar@gmail.com,76,Madurai,Tamil Nadu,India,30:07.7,1500,cash,242,7,2020,6,11
243,rajesh,raj@gmail.com,87,Chennai,Tamil Nadu,India,31:25.5,800,net banking,243,7,2020,6,11
244,andrew,adrw@gmail.com,86,Madurai,Tamil Nadu,India,32:38.5,450,credit,244,7,2020,6,11
245,suveetha,suvee@gmail.com,78,Chennai,Tamil Nadu,India,33:45.5,1000,credit,245,7,2020,6,11
246,uma,uma@gmail.com,87,Madurai,Tamil Nadu,India,35:02.3,80,cash,246,7,2020,6,11
247,jayashree,jaya@gmail.com,12,Chennai,Tamil Nadu,India,36:11.7,1250,credit,247,7,2020,6,11
248,muruga perumal,muruga@gmail.com,13,Chennai,Tamil Nadu,India,37:48.6,1000,credit,248,7,2020,6,11
249,rukmani,ruk@gmail.com,37,Chennai,Tamil Nadu,India,39:07.0,45,credit,249,7,2020,6,11
250,shanthi,shan@gmail.com,21,Madurai,Tamil Nadu,India,40:49.8,600,debit,250,7,2020,6,11
251,rajalaskhmi,raji@gmail.com,45,Madurai,Tamil Nadu,India,42:16.9,70,net banking,251,7,2020,6,11
252,geetha,gee@gmail.com,76,Chennai,Tamil Nadu,India,43:32.6,1300,net banking,252,7,2020,6,11
253,preetha,pree@gmail.com,231,Madurai,Tamil Nadu,India,44:34.6,55,credit,253,7,2020,6,11
254,maheshwari,mahesh@gmail.com,768,Madurai,Tamil Nadu,India,45:52.7,400,net banking,254,7,2020,6,11
255,vishnu,vish@gmail.com,556,Chennai,Tamil Nadu,India,47:40.1,1040,debit,255,7,2020,6,11
256,nalir,nal@gmail.com,87,Madurai,Tamil Nadu,India,48:53.6,120,credit,256,7,2020,6,11
257,swathi,swathi@gmail.com,86,Bangalore,karnataka,India,50:42.2,1400,cash,257,7,2020,6,11
258,dhanush,dhanu@gmail.com,887,Chennai,Tamil Nadu,India,52:16.0,3000,cash,258,7,2020,6,11
259,lakshmi,lak@gmail.com,89,Madurai,Tamil Nadu,India,53:42.3,800,credit,259,7,2020,6,11
260,prabha,prab@gmail.com,97,Chennai,Tamil Nadu,India,55:09.4,600,credit,260,7,2020,6,11
261,monika,moni@gmail.com,854,Madurai,Tamil Nadu,India,56:25.9,16500,credit,261,7,2020,6,11
262,priyanka,priya@gmail.com,98,Chennai,Tamil Nadu,India,57:55.8,20,cash,262,7,2020,6,11
263,renuka,renu@gmail.com,87,Madurai,Tamil Nadu,India,58:57.5,1300,credit,263,7,2020,6,11
264,vijiya,viji@gmail.com,987,Chennai,Tamil Nadu,India,00:03.4,1500,debit,264,8,2020,6,11
265,reshma,resh@gmail.com,98,Chennai,Tamil Nadu,India,00:59.9,18000,credit,265,8,2020,6,11
266,harish,hari@gmail.com,766,Chennai,Tamil Nadu,India,02:14.6,55,net banking,266,8,2020,6,11
267,hitheswar,hithesh@gmail.com,657,Madurai,Tamil Nadu,India,03:30.7,1300,debit,267,8,2020,6,11
268,shobana,shobi@gmail.com,657,Chennai,Tamil Nadu,India,04:35.8,1300,credit,268,8,2020,6,11
269,bharkavi,bhar@gmail.com,998,Chennai,Tamil Nadu,India,06:15.9,800,cash,269,8,2020,6,11
270,shakeena,shakee@gmail.com,78,Chennai,Tamil Nadu,India,07:37.7,30,net banking,270,8,2020,6,11
271,ajimeer,aji@gmail.com,987,Madurai,Tamil Nadu,India,09:11.4,65,debit,271,8,2020,6,11
272,zaara,zaar@gmail.com,766,Chennai,Tamil Nadu,India,10:23.3,40,cash,272,8,2020,6,11
273,archana,arch@gmail.com,98,Chennai,Tamil Nadu,India,11:28.2,18000,cash,273,8,2020,6,11
274,vineeth,vinee@gmail.com,98,Chennai,Tamil Nadu,India,12:58.2,1500,debit,274,8,2020,6,11
275,kalif,kalif@gmail.com,68,Madurai,Tamil Nadu,India,14:02.2,120,net banking,275,8,2020,6,11
276,anjana,anjana@gmail.com,23,Chennai,Tamil Nadu,India,15:21.5,85,credit,276,8,2020,6,11
277,mouli,mou@gmail.com,34,Chennai,Tamil Nadu,India,16:56.9,90,cash,277,8,2020,6,11
278,megalai,mega@gmail.com,987,Chennai,Tamil Nadu,India,18:02.8,2700,debit,278,8,2020,6,11
279,tom,tom@gmail.com,56,Chennai,Tamil Nadu,India,17:44.0,1000,credit,279,10,2020,6,11
280,jerry,jerry@gmail.com,687,Madurai,Tamil Nadu,India,24:40.0,4500,debit,280,10,2020,6,11
281,micky,mic@gmail.com,65,Madurai,Tamil Nadu,India,25:44.3,65,cash,281,10,2020,6,11
282,strewwat,strew@gmail.com,765,Chennai,Tamil Nadu,India,26:53.7,19500,net banking,282,10,2020,6,11
283,ajith,aji@gmail.com,89,Chennai,Tamil Nadu,India,27:55.7,3000,credit,283,10,2020,6,11
284,vijay,vij@gmail.com,767,Madurai,Tamil Nadu,India,29:05.4,65,debit,284,10,2020,6,11
285,rajini,raji@gmail.com,98,Chennai,Tamil Nadu,India,30:06.4,1800,debit,285,10,2020,6,11
286,vikram,vik@gmail.com,87,Chennai,Tamil Nadu,India,31:16.7,80,cash,286,10,2020,6,11
287,dhruv,dhr@gmail.com,898,Madurai,Tamil Nadu,India,32:45.8,600,net banking,287,10,2020,6,11
288,sethupathi,sethu@gmail.com,87,Chennai,Tamil Nadu,India,34:01.9,800,credit,288,10,2020,6,11
289,arjun,arj@gmail.com,87,Chennai,Tamil Nadu,India,35:24.6,40,cash,289,10,2020,6,11
290,jai,jai@gmail.com,87,Chennai,Tamil Nadu,India,36:38.6,60,debit,290,10,2020,6,11
291,pugazh,puga@gmail.com,987,Madurai,Tamil Nadu,India,38:28.2,40,cash,291,10,2020,6,11
292,ram,ram@gmail.com,76,Chennai,Tamil Nadu,India,39:26.4,4500,net banking,292,10,2020,6,11
293,karthick,karthi@gmail.com,87,Chennai,Tamil Nadu,India,40:25.6,440,debit,293,10,2020,6,11
294,sudharsh,sudha@gmail.com,45,Madurai,Tamil Nadu,India,41:29.2,50,credit,294,10,2020,6,11
295,suban,subha@gmail.com,76,Chennai,Tamil Nadu,India,42:33.3,600,credit,295,10,2020,6,11
296,vivek,viv@gmail.com,34,Madurai,Tamil Nadu,India,44:11.8,90,credit,296,10,2020,6,11
297,vadivel,vadiv@gmail.com,98,Chennai,Tamil Nadu,India,45:11.5,400,cash,297,10,2020,6,11
298,sarala,sara@gmail.com,87,Chennai,Tamil Nadu,India,46:24.1,18000,cash,298,10,2020,6,11
299,shreya,shre@gmail.com,76,Chennai,Tamil Nadu,India,02:09.8,40,credit,299,11,2020,6,11
300,sathiya,sath@gmail.com,65,Madurai,Tamil Nadu,India,03:38.4,20,debit,300,11,2020,6,11
301,nayanthara,nayan@gmail.com,98,Chennai,Tamil Nadu,India,04:47.5,1000,cash,301,11,2020,6,11
302,vicky,vic@gmail.com,54,Madurai,Tamil Nadu,India,07:34.6,18000,cash,302,11,2020,6,11
303,vignesh,vig@gmail.com,43,Chennai,Tamil Nadu,India,09:35.1,16500,net banking,303,11,2020,6,11
304,salman,sal@gmail.com,54,Madurai,Tamil Nadu,India,10:44.8,200,net banking,304,11,2020,6,11
305,mohammed,moha@gmail.com,43,Chennai,Tamil Nadu,India,11:44.8,1040,debit,305,11,2020,6,11
306,santhanam,santha@gmail.com,65,Madurai,Tamil Nadu,India,12:46.5,1300,cash,306,11,2020,6,11
307,saravanan,sara@gmail.com,65,Chennai,Tamil Nadu,India,14:24.8,90,cash,307,11,2020,6,11
308,aravind,arav@gmail.com,776,Madurai,Tamil Nadu,India,15:27.6,1000,credit,308,11,2020,6,11
309,logesh,loge@gmail.com,65,Chennai,Tamil Nadu,India,16:35.5,450,cash,309,11,2020,6,11
310,yuvan,yuv@gmail.com,68,Chennai,Tamil Nadu,India,17:32.7,200,net banking,310,11,2020,6,11
311,anirudh,ani@gmail.com,87,Madurai,Tamil Nadu,India,18:34.8,40,debit,311,11,2020,6,11
312,gautham,gau@gmail.com,142,Madurai,Tamil Nadu,India,20:51.8,4500,cash,312,11,2020,6,11
313,gauthami,gauthami@gmail.com,89,Chennai,Tamil Nadu,India,22:09.5,400,credit,313,11,2020,6,11
314,megala,mega@gmail.com,89,Chennai,Tamil Nadu,India,23:07.2,90,debit,314,11,2020,6,11
315,raj,raj@gmail.com,66,Chennai,Tamil Nadu,India,24:13.1,55,cash,315,11,2020,6,11
316,anandhi,anand@gmail.com,87,Chennai,Tamil Nadu,India,25:23.1,1040,net banking,316,11,2020,6,11
317,ratnam,ratn@gmail.com,879,Chennai,Tamil Nadu,India,26:37.8,25,net banking,317,11,2020,6,11
318,subhashini,subha@gmail.com,87,Madurai,Tamil Nadu,India,28:17.6,18000,debit,318,11,2020,6,11
319,sneha,sne@gmail.com,87,Chennai,Tamil Nadu,India,29:21.6,4500,net banking,319,11,2020,6,11
320,prasana,prasa@gmail.com,65,Chennai,Tamil Nadu,India,30:35.9,1400,cash,320,11,2020,6,11
321,micheal,micheal@gmail.com,87,Chennai,Tamil Nadu,India,31:38.1,1500,debit,321,11,2020,6,11
322,richard,rich@gmail.com,35,Madurai,Tamil Nadu,India,32:44.1,18000,cash,322,11,2020,6,11
323,brindha,brin@gmail.com,767,Chennai,Tamil Nadu,India,34:26.3,110,credit,323,11,2020,6,11
324,sri,sri@gmail.com,76,Chennai,Tamil Nadu,India,36:03.2,70,cash,324,11,2020,6,11
325,manoj,manoj@gmail.com,67,Madurai,Tamil Nadu,India,37:13.9,60,credit,325,11,2020,6,11
326,prashanth,prasha@gmail.com,34,Chennai,Tamil Nadu,India,38:31.4,2500,credit,326,11,2020,6,11
327,sunanda,su@gmail.com,86,Madurai,Tamil Nadu,India,39:39.0,1040,net banking,327,11,2020,6,11
328,surya,sur@gmail.com,54,Chennai,Tamil Nadu,India,40:44.9,800,cash,328,11,2020,6,11
329,arya,arya@gmail.com,87,Chennai,Tamil Nadu,India,42:13.6,3000,credit,329,11,2020,6,11
330,sayeesha,sayeesha@gmail.com,776,Chennai,Tamil Nadu,India,44:07.7,40,debit,330,11,2020,6,11
331,sivangi,sivan@gmail.com,87,Chennai,Tamil Nadu,India,45:13.1,60,credit,331,11,2020,6,11
332,riyaz,riya@gmail.com,10,Chennai,Tamil Nadu,India,46:32.2,40,debit,332,11,2020,6,11
333,nisha,nisha@gmail.com,254,Madurai,Tamil Nadu,India,47:30.4,3000,cash,333,11,2020,6,11
334,rakshan,raksh@gmail.com,87,Chennai,Tamil Nadu,India,48:27.7,2700,net banking,334,11,2020,6,11
335,venkat,venki@gmail.com,87,Madurai,Tamil Nadu,India,49:25.4,1500,cash,335,11,2020,6,11
336,dhamu,dha@gmail.com,87,Chennai,Tamil Nadu,India,50:27.6,65,cash,336,11,2020,6,11
337,rekha,rek@gmail.com,76,Chennai,Tamil Nadu,India,51:34.0,800,cash,337,11,2020,6,11
338,shruthi,shruthi@gmail.com,657,Chennai,Tamil Nadu,India,52:30.1,15000,debit,338,11,2020,6,11
339,rio,rio@gmail.com,887,Chennai,Tamil Nadu,India,53:38.6,70,credit,339,11,2020,6,11
340,alya,alya@gmail.com,68,Chennai,Tamil Nadu,India,54:40.9,4500,cash,340,11,2020,6,11
341,manasa,manasa@gmail.com,676,Chennai,Tamil Nadu,India,55:41.0,140,credit,341,11,2020,6,11
342,sanjeev,sanjeev@gmail.com,545,Chennai,Tamil Nadu,India,56:38.8,600,net banking,342,11,2020,6,11
343,sreenidhi,sree@gmail.com,46,Chennai,Tamil Nadu,India,57:39.2,150,net banking,343,11,2020,6,11
344,ashmitha,ashmi@gmail.com,54,Chennai,Tamil Nadu,India,58:48.2,1300,cash,344,11,2020,6,11
345,nila,nila@gmal.com,67,Chennai,Tamil Nadu,India,00:08.4,80,debit,345,12,2020,6,11
346,bharathi,bharathi@gmail.com,54,Madurai,Tamil Nadu,India,01:53.3,800,cash,346,12,2020,6,11
347,muthu,muthu@gmail.com,657,Chennai,Tamil Nadu,India,03:15.1,40,cash,347,12,2020,6,11
348,rahman,rahman@gmail.com,65,Chennai,Tamil Nadu,India,04:23.0,800,debit,348,12,2020,6,11
349,madan,madan@gmail.com,87,Madurai,Tamil Nadu,India,05:16.8,55,credit,349,12,2020,6,11
350,gowri,gowri@gmail.com,65,Chennai,Tamil Nadu,India,07:00.0,80,net banking,350,12,2020,6,11
351,vedha,vedha@gmail.com,767,Madurai,Tamil Nadu,India,08:28.6,40,cash,351,12,2020,6,11
352,clinton,clinton@gmail.com,678,Chennai,Tamil Nadu,India,09:29.4,1500,cash,352,12,2020,6,11
353,glory,glory@gmail.com,665,Madurai,Tamil Nadu,India,10:34.1,2300,debit,353,12,2020,6,11
354,riya,riya@gmail.com,54,Madurai,Tamil Nadu,India,11:32.6,2900,credit,354,12,2020,6,11
355,jaqueline,jaq@gmail.com,65,Madurai,Tamil Nadu,India,12:33.0,3600,cash,355,12,2020,6,11
356,yogi,yogi@gmail.com,54,Madurai,Tamil Nadu,India,13:30.0,25,credit,356,12,2020,6,11
357,yogesh,yoges@gmail.com,54,Chennai,Tamil Nadu,India,14:52.3,55,net banking,357,12,2020,6,11
358,mukesh,muk@gmail.com,43,Madurai,Tamil Nadu,India,15:59.9,18000,cash,358,12,2020,6,11
359,jeeva,jee@gmail.com,32,Chennai,Tamil Nadu,India,17:14.3,1000,credit,359,12,2020,6,11
360,kishore,kishore@gmail.com,54,Madurai,Tamil Nadu,India,18:17.5,1500,debit,360,12,2020,6,11
361,krishna,krishna@gmail.com,567,Madurai,Tamil Nadu,India,19:24.2,800,net banking,361,12,2020,6,11
362,kamalesh,kam@gmail.com,565,Chennai,Tamil Nadu,India,20:17.6,50,credit,362,12,2020,6,11
363,naren,naren@gmail.com,98,Chennai,Tamil Nadu,India,21:06.6,750,cash,363,12,2020,6,11
364,raghavi,rag@gmail.com,776,Chennai,Tamil Nadu,India,22:03.6,1000,credit,364,12,2020,6,11
365,nakshu,nak@gmail.com,434,Chennai,Tamil Nadu,India,23:00.3,40,debit,365,12,2020,6,11
366,chaithra,chaithra@gmail.com,44,Madurai,Tamil Nadu,India,24:04.8,120,cash,366,12,2020,6,11
367,bala,bala@gmail.com,888,Madurai,Tamil Nadu,India,25:06.1,120,debit,367,12,2020,6,11
368,shankar,shankar@gmail.com,555,Chennai,Tamil Nadu,India,26:03.6,3000,cash,368,12,2020,6,11
369,moorthie,moort@gmail.com,546,Chennai,Tamil Nadu,India,27:00.4,400,debit,369,12,2020,6,11
370,babu,babu@gmail.com,545,Chennai,Tamil Nadu,India,27:55.1,3000,cash,370,12,2020,6,11
371,latha,latha@gmail.com,999,Chennai,Tamil Nadu,India,29:05.4,40,cash,371,12,2020,6,11
372,ricky,ric@gmail.com,676,Madurai,Tamil Nadu,India,30:03.7,30,credit,372,12,2020,6,11
373,sweety,sweety@mail.com,767,Chennai,Tamil Nadu,India,30:57.9,40,debit,373,12,2020,6,11
374,puniya,puniya@gmail.com,989,Chennai,Tamil Nadu,India,32:00.9,800,debit,374,12,2020,6,11
375,sam,sam@gmail.com,332,Chennai,Tamil Nadu,India,33:28.6,120,net banking,375,12,2020,6,11
376,vishal,vishal@gmail.com,564,Chennai,Tamil Nadu,India,34:27.9,4500,cash,376,12,2020,6,11
377,karthika,karthika@gmail.com,554,Chennai,Tamil Nadu,India,35:21.7,15000,cash,377,12,2020,6,11
378,guru,guru@gmail.com,55,Chennai,Tamil Nadu,India,36:22.2,1300,cash,378,12,2020,6,11
379,harry,harry@gmail.com,yts234,New Delhi,New Delhi,India,07:04.3,750,net banking,379,17,2020,6,11
380,Revathy,rev@mail.com,4132,Chennai,Tamil Nadu,India,10:08.4,5000,credit,380,17,2020,6,11
381,mani,mani@mail.com,147,Bangalore,karnataka,India,12:02.5,3500,debit,381,17,2020,6,11
382,susan,susan@mail.com,7755,Mumbai,Maharastra,India,14:23.3,1000,cash,382,17,2020,6,11
383,veena,veena@mail.com,123,Chennai,Tamil Nadu,India,18:54.4,550,cash,383,17,2020,6,11
384,chitra,chitra@mail.com,321,Chennai,Tamil Nadu,India,20:39.7,1440,cash,384,17,2020,6,11
385,karthick,kar@mail.com,123,Pune,Maharastra,India,22:32.3,13500,credit,385,17,2020,6,11
386,naythan,nay@mail.com,147,Chennai,Tamil Nadu,India,27:03.0,800,cash,386,17,2020,6,11
387,divya,divya@mail.com,5t,Bangalore,karnataka,India,33:47.3,500,net banking,387,17,2020,6,11
388,jaisankar,jai@mail.com,8u7,Madurai,Tamil Nadu,India,36:02.5,3100,debit,388,17,2020,6,11
389,arul,arul@mail.com,146,Chennai,Tamil Nadu,India,39:13.1,15,cash,389,17,2020,6,11
390,ethan,ethan@mail.com,777a,Chennai,Tamil Nadu,India,43:38.3,43720,credit,390,17,2020,6,11
391,nash,nash@mail.com,123,Mumbai,Maharastra,India,46:42.4,15200,net banking,391,17,2020,6,11
392,jack,jack@gmail.com,7y,Pune,Maharastra,India,48:56.7,3500,debit,392,17,2020,6,11
393,eve,eve@mail.com,,Bangalore,karnataka,India,50:49.6,175,cash,393,17,2020,6,11
394,nirmala,nirmala@mail.com,456,Madurai,Tamil Nadu,India,54:37.5,160,cash,394,17,2020,6,11
395,bala,bala@mail.com,675,coimbatore,Tamil Nadu,India,02:16.3,500,cash,395,18,2020,6,11
396,peter,peter@mail.com,7u8,Bangalore,karnataka,India,03:50.8,2900,debit,396,18,2020,6,11
397,mala,mala@mail.com,"45,123f",coimbatore,Tamil Nadu,India,07:02.4,230,cash,397,18,2020,6,11
398,mary,mary@gmail.com,,,Tamil Nadu,India,14:21.2,930,cash,398,18,2020,6,11
399,nandha,nan@mail.com,,,Tamil Nadu,India,16:20.0,1250,credit,399,18,2020,6,11
400,queen,queen@gmail.com,1234re,Bangalore,karnataka,India,18:04.8,3500,debit,400,18,2020,6,11
401,Bala,bala@gmail.com,12,Chennai,Tamil Nadu,India,21:48.7,800,credit,401,20,2020,6,11
402,Peter,peter@gmail.com,61,Chennai,Tamil Nadu,India,22:31.1,3000,credit,402,20,2020,6,11
403,Sowmya,sow@gmail.com,4,Chennai,Tamil Nadu,India,23:11.1,30,cash,403,20,2020,6,11
404,Ram,ram@gmail.com,56,Chennai,Tamil Nadu,India,23:53.7,20,cash,404,20,2020,6,11
405,Eswanthi,mesh@gmail.com,70,Chennai,Tamil Nadu,India,25:04.7,200,credit,405,20,2020,6,11
406,Kanmani,kanmani@gmail.com,61,Chennai,Tamil Nadu,India,25:58.0,1400,cash,406,20,2020,6,11
407,Judis,judas@gmail.com,4,Chennai,Tamil Nadu,India,27:00.3,400,debit,407,20,2020,6,11
408,Valavan,vala@gmail.com,5,Chennai,Tamil Nadu,India,28:39.5,4500,net banking,408,20,2020,6,11
409,Vetri,vetri@gma.com,12,Chennai,Tamil Nadu,India,29:42.5,230,net banking,409,20,2020,6,11
410,Maran,maran@gmail.com,7,Chennai,Tamil Nadu,India,31:03.7,5300,credit,410,20,2020,6,11
411,Maran,maran@gmail.com,7,Chennai,Tamil Nadu,India,32:55.9,440,credit,411,20,2020,6,11
412,Veena,veena@gmaol.com,7,Madurai,Tamil Nadu,India,33:57.4,90,net banking,412,20,2020,6,11
413,Chitra,chithu@gmail.com,1,Madurai,Tamil Nadu,India,35:18.8,1040,net banking,413,20,2020,6,11
414,Jai,jai@gmail.com,8,Madurai,Tamil Nadu,India,37:08.5,20,credit,414,20,2020,6,11
415,Arulalan,arul@gmail.com,1,Madurai,Tamil Nadu,India,38:54.5,140,credit,415,20,2020,6,11
416,Karthick,kartk@gmail.com,12,Madurai,Tamil Nadu,India,40:47.8,500,credit,416,20,2020,6,11
417,Divya,div@gnail.com,7,Madurai,Tamil Nadu,India,42:24.9,100,credit,417,20,2020,6,11
418,Nash,nash@gmail.com,8,Madurai,Tamil Nadu,India,44:23.1,21000,net banking,418,20,2020,6,11
419,Revathy,revzz@gmail.com,7,Madurai,Tamil Nadu,India,46:45.6,6500,net banking,419,20,2020,6,11
420,Nythan,nyth@gmail.com,70,Madurai,Tamil Nadu,India,49:05.8,400,cash,420,20,2020,6,11
421,Eathan,eath@gmail.com,,Madurai,Tamil Nadu,India,50:09.4,600,cash,421,20,2020,6,11
422,Nick,nick@gmail.com,4,Chennai,Tamil Nadu,India,53:39.9,20,net banking,422,5,2020,6,12
423,Theju,theju@gmail.com,5,Madurai,Tamil Nadu,India,55:28.9,1000,credit,423,5,2020,6,12
424,Katie,kat@gmail.com,7,Chennai,Tamil Nadu,India,56:47.9,4500,credit,424,5,2020,6,12
425,Jaishankar,jai@gmail.com,5,Madurai,Tamil Nadu,India,19:56.0,800,cash,425,10,2020,6,12
426,Moses,moses@gmail.com,5,Salem,Tamil Nadu,India,20:57.5,1500,credit,426,10,2020,6,12
427,Susan,susan@gmail.com,87,Thiruchi,Tamil Nadu,India,22:02.6,31500,credit,427,10,2020,6,12
428,Maria,maria@gmail.com,54,Salem,Tamil Nadu,India,23:11.5,18200,credit,428,10,2020,6,12
429,Salty,salty@gmail.com,45,Madurai,Tamil Nadu,India,24:13.7,1900,cash,429,10,2020,6,12
430,Karthick,kark@gmail.com,67,Thirunelveli,Tamil Nadu,India,25:44.2,1440,credit,430,10,2020,6,12
431,Ramu,ramu@gmail.com,67,Chennai,Tamil Nadu,India,26:44.6,90,cash,431,10,2020,6,12
432,Rachel,rach@gmail.com,11,Thiruchi,Tamil Nadu,India,27:40.6,600,cash,432,10,2020,6,12
433,Ester,ester@gmail.com,67,Thirunelveli,Tamil Nadu,India,28:32.5,1800,credit,433,10,2020,6,12
434,Sheba,sheba@gmail.com,61,Chennai,Tamil Nadu,India,29:59.5,2400,credit,434,10,2020,6,12
435,Angaiyarkanni,angaiyarkanni@gmail.com,87,Thiruchi,Tamil Nadu,India,31:13.5,1580,debit,435,10,2020,6,12
436,Sugasini,suga@gmail.com,780,Salem,Tamil Nadu,India,32:29.9,225,credit,436,10,2020,6,12
437,Jaanu,janu@gnail.com,87,Madurai,Tamil Nadu,India,33:33.5,1300,net banking,437,10,2020,6,12
438,Sherly,shy@gnail.com,30,Salem,Tamil Nadu,India,35:19.9,1440,net banking,438,10,2020,6,12
439,Simon,simn@gamil.com,48,Thirunelveli,Tamil Nadu,India,36:08.9,1800,credit,439,10,2020,6,12
440,Vishal,vishal@gmail.com,58,Salem,Tamil Nadu,India,37:24.7,200,credit,440,10,2020,6,12
441,Vishal,vishal@gmail.com,58,Salem,Tamil Nadu,India,37:28.3,200,credit,441,10,2020,6,12
442,Rawanth,raw@gmail.com,66,Chennai,Tamil Nadu,India,38:31.0,1320,credit,442,10,2020,6,12
443,Blessy,blessy@gmail.com,61,Salem,Tamil Nadu,India,39:56.7,1455,debit,443,10,2020,6,12
444,Sirnish,sti@gmail.com,967,Madurai,Tamil Nadu,India,41:37.8,45,credit,444,10,2020,6,12
445,Elizabeth,ebz@gmail.com,678,Thiruchi,Tamil Nadu,India,43:58.3,1840,credit,445,10,2020,6,12
446,Lourdes,lourdes@gmail.com,593,,Tamil Nadu,India,45:03.9,500,cash,446,10,2020,6,12
447,Kousik,kiusi@gmail.com,70,Thirunelveli,Tamil Nadu,India,46:52.4,1400,credit,447,10,2020,6,12
448,Harry,harry@gmail.com,78,Salem,Tamil Nadu,India,47:48.7,1300,credit,448,10,2020,6,12
449,Karthika,kar@gmail.com,12,Thiruchi,Tamil Nadu,India,50:46.1,210,credit,449,10,2020,6,12
450,Sangeetha,sangeetha@gmail.com,63,Thirunelveli,Tamil Nadu,India,52:06.6,30400,net banking,450,10,2020,6,12
451,Pavi,pavi@gmail.com,64,Salem,Tamil Nadu,India,54:22.6,1455,cash,451,10,2020,6,12
452,Àrulalan,aril@gmail.com,5,Chennai,Tamil Nadu,India,56:38.4,200,net banking,452,10,2020,6,12
453,Sebatini,seba@gnail.com,66,Madurai,Tamil Nadu,India,58:10.1,2050,credit,453,10,2020,6,12
454,Ramya,ranya@gmailll.com,6,Madurai,Tamil Nadu,India,59:51.5,430,net banking,454,10,2020,6,12
455,Vicky,vicky@gmail.com,898,Thiruchi,Tamil Nadu,India,01:03.3,5800,credit,455,11,2020,6,12
456,Rebbeca,reb@gmail.com,489,Madurai,Tamil Nadu,India,02:22.7,1300,credit,456,11,2020,6,12
457,Bobby,bobby@gmail.com,46,Thirunelveli,Tamil Nadu,India,04:13.9,140,debit,457,11,2020,6,12
458,Mesina,mes@gmail.com,58,Thirunelveli,Tamil Nadu,India,41:28.6,600,cash,458,11,2020,6,12
459,Sowmya,sowya@gmail.com,4,Salem,Tamil Nadu,India,43:13.6,2800,net banking,459,11,2020,6,12
460,Baymax,bay@gmail.com,761,Thiruchi,Tamil Nadu,India,44:03.2,1455,cash,460,11,2020,6,12
461,Alex,alx@gmail.com,61,Salem,Tamil Nadu,India,45:13.4,19500,credit,461,11,2020,6,12
462,Kelvin,kelvin@gmail.com,17,Madurai,Tamil Nadu,India,46:21.6,190,credit,462,11,2020,6,12
463,Greshma,grsh@gmail.com,99,Thiruchi,Tamil Nadu,India,51:48.7,2250,debit,463,11,2020,6,12
464,Vimala,vimala@gmail.com,70,Thiruchi,Tamil Nadu,India,53:23.1,2600,debit,464,11,2020,6,12
465,Jessy,jessy@gmail.com,12,Thirunelveli,Tamil Nadu,India,54:59.5,55,credit,465,11,2020,6,12
466,Peter,peter@gmail.com,7,Chennai,Tamil Nadu,India,55:41.6,3200,debit,466,11,2020,6,12
467,Jesintha,jesintha@gmail.com,61,Chennai,Tamil Nadu,India,56:49.7,250,credit,467,11,2020,6,12
468,Losliya,losliya@gmail.com,51,Salem,Tamil Nadu,India,57:59.3,5500,credit,468,11,2020,6,12
469,Charu,charu@gmail.com,64,Thirunelveli,Tamil Nadu,India,59:00.5,1040,cash,469,11,2020,6,12
470,Abi,abi@gmail.com,41,Madurai,Tamil Nadu,India,59:48.3,3400,credit,470,11,2020,6,12
471,Janani,jana@gnail.com,70,Thiruchi,Tamil Nadu,India,00:48.6,15180,credit,471,12,2020,6,12
472,Somu,aomi@gmail.com,11,Salem,Tamil Nadu,India,01:38.8,90,credit,472,12,2020,6,12
473,Poornina,poornima@gmail.com,661,Thirunelveli,Tamil Nadu,India,02:31.5,75,cash,473,12,2020,6,12
474,Abi,abi@gmail.com,1,Salem,Tamil Nadu,India,03:30.8,2400,credit,474,12,2020,6,12
475,Bala,bala@gmail.com,7,Chennai,Tamil Nadu,India,04:10.5,400,net banking,475,12,2020,6,12
476,Priyanka,priyanka@gmail.com,5,Salem,Tamil Nadu,India,05:13.6,85,cash,476,12,2020,6,12
477,Susmi,susmi@gmail.com,771,Thirunelveli,Tamil Nadu,India,06:19.6,3100,credit,477,12,2020,6,12
478,Susmi,susmi@gmail.com,771,Thirunelveli,Tamil Nadu,India,06:21.9,3100,credit,478,12,2020,6,12
479,Dhana,dhana@gmail.com,885,Thiruchi,Tamil Nadu,India,07:26.7,2000,credit,479,12,2020,6,12
480,Banu,banu@gmail.com,72,Thirunelveli,Tamil Nadu,India,08:35.8,145,credit,480,12,2020,6,12
481,Preetha,preetha@gmail.com,83,Thiruchi,Tamil Nadu,India,09:32.7,2800,credit,481,12,2020,6,12
482,Amirtha,amirtha@gmail.com,931,Madurai,Tamil Nadu,India,10:29.4,1440,credit,482,12,2020,6,12
483,Naresh,naresh@gmail.com,7,Chennai,Tamil Nadu,India,11:48.0,2355,credit,483,12,2020,6,12
484,Revathy,revathy@gmail.com,59,Salem,Tamil Nadu,India,12:56.7,530,credit,484,12,2020,6,12
485,Lucky,lucky@gam.com,63,Chennai,Tamil Nadu,India,14:02.8,650,credit,485,12,2020,6,12
486,Raamu,raamu@gmail.com,84,Thiruchi,Tamil Nadu,India,14:56.5,210,credit,486,12,2020,6,12
487,Shifu,shifu@gmail.com,76,Madurai,Tamil Nadu,India,15:58.5,2900,credit,487,12,2020,6,12
488,Panda,panda@gmail.com,7,Chennai,Tamil Nadu,India,17:36.1,1800,credit,488,12,2020,6,12
489,Karthick,kartk@gmail.com,6,Chennai,Tamil Nadu,India,20:25.3,2155,credit,489,12,2020,6,12
490,Jaishankar,jaishankar@gmail.com,45,Chennai,Tamil Nadu,India,21:42.6,600,credit,490,12,2020,6,12
491,Arul,arul@gmail.com,64,Salem,Tamil Nadu,India,23:17.6,32000,credit,491,12,2020,6,12
492,Chitra,chitra@gmail.com,59,Madurai,Tamil Nadu,India,24:24.8,290,credit,492,12,2020,6,12
493,Veena,veena@gmail.com,70,Madurai,Tamil Nadu,India,25:18.7,1800,credit,493,12,2020,6,12
494,Divya,divya@gmail.com,85,Thiruchi,Tamil Nadu,India,26:40.3,1440,credit,494,12,2020,6,12
495,Moses,moses@gmail.com,5,Madurai,Tamil Nadu,India,27:27.0,55,credit,495,12,2020,6,12
496,Susan,susan@gmail.com,5,Salem,Tamil Nadu,India,28:38.3,115,credit,496,12,2020,6,12
497,Maria,mariaa@gmail.com,87,Madurai,Tamil Nadu,India,29:58.4,1800,debit,497,12,2020,6,12
498,Salty ,saltyy@gmail.com,62,Salem,Tamil Nadu,India,31:01.4,4500,credit,498,12,2020,6,12
499,Nythan,nythn@gmail.com,4,Chennai,Tamil Nadu,India,32:24.3,1500,credit,499,12,2020,6,12
500,Ethan,ethan@gmail.com,781,Chennai,Tamil Nadu,India,33:28.5,450,credit,500,12,2020,6,12
501,Revathy,revathy@gmail.com,5,Chennai,Tamil Nadu,India,35:02.3,1405,credit,501,12,2020,6,12
502,Naresh,naresh@gmail.com,7,Chennai,Tamil Nadu,India,36:33.5,2040,credit,502,12,2020,6,12
503,Abi,abi@gmail.com,Soolai,Chennai,Tamil Nadu,India,41:28.7,230,credit,503,14,2020,6,12
504,Sophia,sophia@gmail.com,11,Thiruchi,Tamil Nadu,India,18:42.6,400,net banking,504,6,2020,6,13
505,Isabella,isa@gmail.com,65,Salem,Tamil Nadu,India,19:29.1,600,credit,505,6,2020,6,13
506,Emma,emma@gmail.com,73,Chennai,Tamil Nadu,India,20:15.5,19500,debit,506,6,2020,6,13
507,Olivia,olivia@gmail.com,61,Madurai,Tamil Nadu,India,21:09.5,115,net banking,507,6,2020,6,13
508,Ava,ava@gmail.com,71,Thirunelveli,Tamil Nadu,India,21:58.3,140,net banking,508,6,2020,6,13
509,Emily,emi@gmail.com,81,Madurai,Tamil Nadu,India,22:53.0,1500,debit,509,6,2020,6,13
510,Abigail,abig@gmail.com,74,Madurai,Tamil Nadu,India,23:57.4,1800,cash,510,6,2020,6,13
511,Madison,madi@gmail.com,71,Thiruchi,Tamil Nadu,India,24:49.7,1040,cash,511,6,2020,6,13
512,Mis,mia@gmail.com,10,Madurai,Tamil Nadu,India,25:43.4,12000,cash,512,6,2020,6,13
513,Chloe,chole@gmail.com,17,Thiruchi,Tamil Nadu,India,26:35.5,70,net banking,513,6,2020,6,13
514,Elizabeth,eliza@gmail.com,64,Chennai,Tamil Nadu,India,27:51.0,3500,cash,514,6,2020,6,13
515,Ella,ella@gmail.com,57,Salem,Tamil Nadu,India,28:58.6,1000,debit,515,6,2020,6,13
516,Addy,addy@gmail.com,45,Chennai,Tamil Nadu,India,30:37.1,1300,debit,516,6,2020,6,13
517,Natalie,natalie@gmail.com,6,Chennai,Tamil Nadu,India,32:39.1,115,debit,517,6,2020,6,13
518,Lilly,lilly@gnail.com,73,Chennai,Tamil Nadu,India,34:04.0,1040,credit,518,6,2020,6,13
519,Grace,grace@gmail.com,51,Thirunelveli,Tamil Nadu,India,35:20.3,90,net banking,519,6,2020,6,13
520,Samantha,sam@gmail.com,66,Thiruchi,Tamil Nadu,India,36:26.2,140,debit,520,6,2020,6,13
521,Aaravy,aaravy@gmail.com,12,Chennai,Tamil Nadu,India,37:31.9,18000,cash,521,6,2020,6,13
522,Shofi,shofi@gmail.com,7,Thiruchi,Tamil Nadu,India,38:47.6,1800,cash,522,6,2020,6,13
523,Abrey,abrey@gmail.com,12,Salem,Tamil Nadu,India,39:56.7,5300,credit,523,6,2020,6,13
524,Brookyln,brooky@gmail.com,84,Salem,Tamil Nadu,India,40:50.6,1400,cash,524,6,2020,6,13
525,Lillian,lillian@gmail.com,61,Chennai,Tamil Nadu,India,42:03.8,4500,debit,525,6,2020,6,13
526,Victoria,victoria@gmail.com,4,Salem,Tamil Nadu,India,43:46.6,2300,credit,526,6,2020,6,13
527,Evelyn,eve@gmail.com,65,,Tamil Nadu,India,45:47.1,1440,credit,527,6,2020,6,13
528,Evelyn,eve@gmail.com,65,,Tamil Nadu,India,45:48.9,1440,credit,528,6,2020,6,13
529,Hannah,hannah@gnail.com,4,Chennai,Tamil Nadu,India,47:39.8,70,credit,529,6,2020,6,13
530,Alexis,alecis@gmail.com,12,Thirunelveli,Tamil Nadu,India,49:32.0,55,credit,530,6,2020,6,13
531,Charls,charls@gmail.com,7,Salem,Tamil Nadu,India,51:48.2,1500,cash,531,6,2020,6,13
532,Zoey,zoey@gmail.com,74,Chennai,Tamil Nadu,India,52:56.0,70,cash,532,6,2020,6,13
533,Leena,leena@gmail.com,88,Thiruchi,Tamil Nadu,India,54:23.9,3000,credit,533,6,2020,6,13
534,Amelia,amelia@gmail.com,61,Thiruchi,Tamil Nadu,India,56:18.9,1800,credit,534,6,2020,6,13
535,Zeo,zeo@gmail.com,4,Salem,Tamil Nadu,India,09:55.8,55,debit,535,7,2020,6,13
536,Hailey,haily@gmaim.com,87,Thirunelveli,Tamil Nadu,India,10:48.0,19500,cash,536,7,2020,6,13
537,Laiya,laiya@gmail.com,5,Thiruchi,Tamil Nadu,India,11:47.6,1300,cash,537,7,2020,6,13
538,Gabriella,gabri@gmail.com,7,Chennai,Tamil Nadu,India,12:49.5,145,net banking,538,7,2020,6,13
539,Michael,mic@gmail.com,85,Chennai,Tamil Nadu,India,13:54.4,120,cash,539,7,2020,6,13
540,Luci,luci@gmail.com,70,Madurai,Tamil Nadu,India,14:51.0,1000,cash,540,7,2020,6,13
541,Alya,alya@gmail.com,12,Madurai,Tamil Nadu,India,15:45.1,280,debit,541,7,2020,6,13
542,Anni,anni@gmail.com,61,Madurai,Tamil Nadu,India,16:38.7,80,cash,542,7,2020,6,13
543,Zara,zara@gmail.com,7,Chennai,Tamil Nadu,India,17:34.1,3500,cash,543,7,2020,6,13
544,Allison,alli@gmail.com,5,Chennai,Tamil Nadu,India,18:25.1,600,credit,544,7,2020,6,13
545,Savana,savana@gmail.com,4,Thiruchi,Tamil Nadu,India,19:32.1,1400,cash,545,7,2020,6,13
546,Ashley,ashley@gmail.com,44,Madurai,Tamil Nadu,India,20:38.7,140,cash,546,7,2020,6,13
547,Audrey,audrey@gmail.com,9,Madurai,Tamil Nadu,India,21:31.6,800,cash,547,7,2020,6,13
548,Taylor,tylr@gmail.com,78,Chennai,Tamil Nadu,India,22:30.9,1800,cash,548,7,2020,6,13
549,Mosbi,mos@gmail.com,4,Salem,Tamil Nadu,India,23:25.4,4950,debit,549,7,2020,6,13
550,Aila,aila@gmIl.com,12,Chennai,Tamil Nadu,India,24:27.1,15000,cash,550,7,2020,6,13
551,Marshal,marshal@gmail.com,5,Salem,Tamil Nadu,India,25:20.7,2300,credit,551,7,2020,6,13
552,Camila,cami@gmail.com,12,Salem,Tamil Nadu,India,26:08.5,800,debit,552,7,2020,6,13
553,Khoel,khoel@gmail.com,63,Chennai,Tamil Nadu,India,27:16.0,1400,cash,553,7,2020,6,13
554,Barney,barney@gmail.com,61,Madurai,Tamil Nadu,India,28:10.7,80,credit,554,7,2020,6,13
555,veena,veena@mail.com,123,Chennai,Tamil Nadu,India,48:45.5,330,cash,555,10,2020,6,13
556,chitra,chitra@mail.com,147,Chennai,Tamil Nadu,India,50:34.1,290,cash,556,10,2020,6,13
557,chitra,chitra@mail.com,147,Chennai,Tamil Nadu,India,50:41.8,290,cash,557,10,2020,6,13
558,Sophia,sophia@gmail.com,4,Salem,Tamil Nadu,India,00:51.9,55,cash,558,12,2020,6,13
559,Arian,arian@gmail.com,70,Thirunelveli,Tamil Nadu,India,07:24.4,9000,credit,559,12,2020,6,13
560,Peyton,peyton@gmail.com,12,Thirunelveli,Tamil Nadu,India,19:27.8,80,cash,560,12,2020,6,13
561,Harper,harper@gmail.com,70,Thiruchi,Tamil Nadu,India,25:15.1,400,debit,561,12,2020,6,13
562,Alex,alex@gmail.com,700,Madurai,Tamil Nadu,India,26:17.2,1300,cash,562,12,2020,6,13
563,Revathy,rev@gmail.com,6,Salem,Tamil Nadu,India,21:11.1,70,cash,563,18,2020,6,13
564,Naresh,naresh@gmail.com,6,Thiruchi,Tamil Nadu,India,23:13.1,3000,net banking,564,18,2020,6,13
565,Veena,veena@gmail.com,5,Thiruchi,Tamil Nadu,India,24:14.5,1055,net banking,565,18,2020,6,13
566,Jaishankar,jai@gmail.com,12,Madurai,Tamil Nadu,India,25:26.8,18080,credit,566,18,2020,6,13
567,Karthick,kartk@gmail.com,5,Salem,Tamil Nadu,India,26:38.8,600,cash,567,18,2020,6,13
568,Arul,arulalan@gmail.com,7,Salem,Tamil Nadu,India,28:40.8,4400,debit,568,18,2020,6,13
569,Chitra,chitra@gmail.com,12,Chennai,Tamil Nadu,India,30:19.1,5300,cash,569,18,2020,6,13
570,Amudha,amudha@gmail.com,7,Thiruchi,Tamil Nadu,India,32:55.0,2400,credit,570,18,2020,6,13
571,Kannan,kannan@gmail.com,4,Chennai,Tamil Nadu,India,33:58.0,1565,net banking,571,18,2020,6,13
572,Sathish,sathish@gmail.com,4,Salem,Tamil Nadu,India,36:09.2,3600,net banking,572,18,2020,6,13
573,Divya,divya@gmail.com,5,Salem,Tamil Nadu,India,39:18.7,1300,credit,573,18,2020,6,13
574,Ankitha,ankitha@gmail.com,4,Salem,Tamil Nadu,India,41:28.1,1400,net banking,574,18,2020,6,13
575,Prajan,prajan@gmail.com,8,Madurai,Tamil Nadu,India,43:02.6,70,credit,575,18,2020,6,13
576,Latha,latha@gmail.com,61,Thiruchi,Tamil Nadu,India,44:48.2,115,debit,576,18,2020,6,13
577,Mala,mala@gmail.com,5,Chennai,Tamil Nadu,India,45:52.8,800,net banking,577,18,2020,6,13
578,Lucky,lucky@gmail.com,61,Chennai,Tamil Nadu,India,49:20.9,55,net banking,578,18,2020,6,13
579,Mack,mack@gmail.com,9,Chennai,Tamil Nadu,India,50:31.1,600,cash,579,18,2020,6,13
580,Stella,stella@gmail.com,51,Thiruchi,Tamil Nadu,India,51:24.1,3300,cash,580,18,2020,6,13
581,Jasmine,jasmn@gmail.com,71,Chennai,Tamil Nadu,India,52:38.8,2955,debit,581,18,2020,6,13
582,Morgan,morgan@gmail.com,61,Chennai,Tamil Nadu,India,53:46.4,1440,debit,582,18,2020,6,13
583,Alexandra,alexandra@gmail.com,73,Bangalore,Karnataka,India,55:05.4,1440,debit,583,18,2020,6,13
584,Trinity,trinity@gmail.com,61,Bangalore,Karnataka,India,56:00.3,3500,debit,584,18,2020,6,13
585,Molly,molly@gmail.com,4,Madurai,Tamil Nadu,India,57:04.9,130,net banking,585,18,2020,6,13
586,Madelyn,madelyn@gmail.com,38,Bangalore,Karnataka,India,58:00.8,2350,debit,586,18,2020,6,13
587,Scarlet,scarlet@gmail.com,6,Bangalore,Karnataka,India,58:57.9,90,net banking,587,18,2020,6,13
588,Andrea,andrea@gmail.com,69,Madurai,Tamil Nadu,India,59:59.1,2500,net banking,588,18,2020,6,13
589,Genesis,genesis@gmail.com,77,Bangalore,Karnataka,India,00:52.4,800,debit,589,19,2020,6,13
590,Eva,eva@gmail.com,76,Bangalore,Karnataka,India,01:56.8,540,debit,590,19,2020,6,13
591,Riana,riana@gmail.com,5,Chennai,Tamil Nadu,India,02:55.2,2000,cash,591,19,2020,6,13
592,Madelline,madelline@gmail.com,58,Chennai,Tamil Nadu,India,03:48.9,4950,net banking,592,19,2020,6,13
593,Brooke,brooke@gmail.com,65,Bangalore,Karnataka,India,05:07.7,240,debit,593,19,2020,6,13
594,Caroline,caroline@gmail.com,4,Bangalore,Karnataka,India,06:08.8,70,net banking,594,19,2020,6,13
595,Bailey,bailey@gmail.com,50,Bangalore,Karnataka,India,07:21.5,1840,cash,595,19,2020,6,13
596,Melanie,melanie@gmail.com,7,Bangalore,Karnataka,India,08:19.1,16500,cash,596,19,2020,6,13
597,Kennedy,kennedy@gmail.com,70,Madurai,Tamil Nadu,India,09:12.8,3600,debit,597,19,2020,6,13
598,Dessy,dessy@gmail.com,61,Madurai,Tamil Nadu,India,09:57.5,750,cash,598,19,2020,6,13
599,Mary,mary@gmail.com,12,Bangalore,Karnataka,India,10:56.9,1400,credit,599,19,2020,6,13
600,Nancy,nancy@gmail.com,12,Chennai,Tamil Nadu,India,11:54.0,1800,cash,600,19,2020,6,13
601,Lavan,lavan@gmail.com,21,Thiruchi,Tamil Nadu,India,13:20.3,215,credit,601,19,2020,6,13
602,Petia,petia@gmail.com,7,Bangalore,Karnataka,India,14:17.1,1430,debit,602,19,2020,6,13
603,Lydia,lydia@gmail.com,39,Thiruchi,Tamil Nadu,India,15:21.4,620,net banking,603,19,2020,6,13
604,Elsa,elsa@gmail.com,50,Madurai,Tamil Nadu,India,16:13.5,1550,credit,604,19,2020,6,13
605,Marshal,marshall@gmail.com,6,Bangalore,Karnataka,India,17:27.5,1000,net banking,605,19,2020,6,13
606,Albert,albert@gmail.com,8,Salem,Tamil Nadu,India,18:22.0,3500,credit,606,19,2020,6,13
607,Ted,ted@gmail.com,5,Chennai,Tamil Nadu,India,19:19.4,65,credit,607,19,2020,6,13
608,Adarshini,adar@gmail.com,85,Bangalore,Karnataka,India,21:44.0,2300,cash,608,22,2020,6,13
609,Aadya,aadya@gmail.com,61,Salem,Tamil Nadu,India,22:51.7,105,debit,609,22,2020,6,13
610,Aahana,aahana@gmail.com,12,Thiruchi,Tamil Nadu,India,24:04.8,3700,credit,610,22,2020,6,13
611,Aamaal,aamal@gmail.com,45,Bangalore,Karnataka,India,25:35.8,80,cash,611,22,2020,6,13
612,Anushalla,any@gmail.com,8,Bangalore,Karnataka,India,30:39.1,1500,cash,612,22,2020,6,13
613,Aparna,aparna@gmail.com,4,Bangalore,Karnataka,India,28:23.4,1400,cash,613,5,2020,6,14
614,Asha,asha@gmail.com,12,Salem,Tamil Nadu,India,29:31.1,4500,cash,614,5,2020,6,14
615,Akshara,akshara@gmail.com,8,Madurai,Tamil Nadu,India,30:39.5,855,cash,615,5,2020,6,14
616,Arshika,arshika@gmail.com,1,Madurai,Tamil Nadu,India,31:25.6,600,credit,616,5,2020,6,14
617,Alka,alka@gmail.com,61,Chennai,Tamil Nadu,India,32:41.1,1200,debit,617,5,2020,6,14
618,Benny,benny@gmail.com,7,Chennai,Tamil Nadu,India,33:36.9,75,credit,618,5,2020,6,14
619,Bairavi,bairavi@gmail.com,9,Madurai,Tamil Nadu,India,34:43.2,150,credit,619,5,2020,6,14
620,Bhavya,bhavya@gmail.com,95,Thirunelveli,Tamil Nadu,India,35:50.9,130,debit,620,5,2020,6,14
621,Nisha,nisha@gmail.com,12,Thirunelveli,Tamil Nadu,India,37:55.2,600,credit,621,5,2020,6,14
622,Bhanupriya,bhanu@gmail.com,70,Salem,Tamil Nadu,India,39:12.1,30000,debit,622,5,2020,6,14
623,Cavery,cavery@gmail.com,4,Madurai,Tamil Nadu,India,41:13.9,1400,debit,623,5,2020,6,14
624,Chitra,chitr@gmail.com,70,Chennai,Tamil Nadu,India,42:24.3,110,credit,624,5,2020,6,14
625,Chinna,chinna@gmail.com,7,Thirunelveli,Tamil Nadu,India,43:36.0,4750,debit,625,5,2020,6,14
626,Devi,devi@gmail.com,5,Madurai,Tamil Nadu,India,45:11.9,1900,cash,626,5,2020,6,14
627,Kala,kala@gmail.com,61,Salem,Tamil Nadu,India,46:46.4,2900,net banking,627,5,2020,6,14
628,Ali,ali@gmail.com,Chetpet,Chennai,Tamil Nadu,India,19:25.8,33490,cash,628,6,2020,6,14
629,Kala,kala@gmail.com,4,Madurai,Tamil Nadu,India,25:55.5,55,cash,632,9,2020,6,14
630,Depti,depti@gmail.com,4,Thirunelveli,Tamil Nadu,India,38:54.5,120,credit,633,9,2020,6,14
631,Driti,driti@gmail.com,70,Bangalore,Karnataka,India,39:46.9,1500,cash,634,9,2020,6,14
632,Dwani,dwani@gmail.com,70,Thiruchi,Tamil Nadu,India,40:32.4,3000,credit,635,9,2020,6,14
633,Deesha,deesha@gmail.com,70,Thiruchi,Tamil Nadu,India,42:02.0,1300,debit,636,9,2020,6,14
634,Deviga,deviga@gmail.com,76,Salem,Tamil Nadu,India,43:22.8,820,cash,637,9,2020,6,14
635,Deviga,deviga@gmail.com,7,Salem,Tamil Nadu,India,44:48.1,1600,credit,638,9,2020,6,14
636,Dhanvi,dhanvi@gmail.com,5,Madurai,Tamil Nadu,India,45:43.1,800,credit,639,9,2020,6,14
637,Dhivja,dhivja@gmail.com,70,Thirunelveli,Tamil Nadu,India,46:42.3,4500,net banking,640,9,2020,6,14
638,Ela,ela@gmail.com,5,Thirunelveli,Tamil Nadu,India,49:13.4,30,credit,641,9,2020,6,14
639,Ezhil,ezhil@gmail.com,4,Thirunelveli,Tamil Nadu,India,50:15.3,80,credit,642,9,2020,6,14
640,Elakya,elakya@gmail.com,45,Thiruchi,Tamil Nadu,India,51:06.8,800,credit,643,9,2020,6,14
641,Rajput,raj@gmail.com,70,Bangalore,Karnataka,India,54:47.7,4500,cash,644,9,2020,6,14
642,Sushant,sus@gmail.com,12,Chennai,Tamil Nadu,India,55:52.4,1000,debit,645,9,2020,6,14
643,Aadavan,aada@gmail.com,61,Thirunelveli,Tamil Nadu,India,57:12.3,55,cash,646,9,2020,6,14
644,Ashan,ash@gmail.com,61,Salem,Tamil Nadu,India,58:25.3,19500,credit,647,9,2020,6,14
645,Hanish,hani@gmail.com,7,Bangalore,Karnataka,India,59:26.8,80,debit,648,9,2020,6,14
646,Saswin,sas@gmail.com,5,Madurai,Tamil Nadu,India,00:20.3,1400,cash,649,10,2020,6,14
647,Sayuri,sayu@gmail.com,12,Salem,Tamil Nadu,India,02:17.0,45,net banking,650,10,2020,6,14
648,Alaka,ala@gmail.com,4,Thirunelveli,Tamil Nadu,India,03:19.7,4500,net banking,651,10,2020,6,14
649,Ezhil,ezh@gmail.com,7,Thirunelveli,Tamil Nadu,India,04:54.2,27000,cash,652,10,2020,6,14
650,Anjali,anju@gmail.com,61,Bangalore,Karnataka,India,06:12.8,600,net banking,653,10,2020,6,14
651,Desigan,desi@gmail.com,4,Thiruchi,Tamil Nadu,India,07:28.1,2500,cash,654,10,2020,6,14
652,Yashika,yas@gmail.com,12,Thirunelveli,Tamil Nadu,India,08:48.4,200,net banking,655,10,2020,6,14
653,Rithika,rithi@gmail.com,12,Salem,Tamil Nadu,India,09:58.3,120,cash,656,10,2020,6,14
654,Sandy,sandy@gmail.com,5,Salem,Tamil Nadu,India,11:01.7,15,debit,657,10,2020,6,14
655,Sylvia,syl@gnail.com,61,Salem,Tamil Nadu,India,11:55.1,1000,net banking,658,10,2020,6,14
656,Dora,dora@gmail.com,12,Thiruchi,Tamil Nadu,India,12:45.6,35,cash,659,10,2020,6,14
657,Dharshan,dharsha@gmail.com,70,Thirunelveli,Tamil Nadu,India,13:42.3,1500,debit,660,10,2020,6,14
658,Alan,alan@gmail.com,7,Madurai,Tamil Nadu,India,14:49.8,1440,credit,661,10,2020,6,14
659,Sathya,sathya@gmail.com,70,Thiruchi,Tamil Nadu,India,15:57.2,80,debit,662,10,2020,6,14
660,Ramba,ram@gmail.com,70,Thiruchi,Tamil Nadu,India,17:05.7,15000,debit,663,10,2020,6,14
661,Karthiyan,karthi@gmail.com,7,Madurai,Tamil Nadu,India,18:49.2,65,debit,664,10,2020,6,14
662,Oviya,ovi@gmail.com,5,Thiruchi,Tamil Nadu,India,22:01.8,15,net banking,665,10,2020,6,14
663,Sagar,sag@gmail.com,61,Salem,Tamil Nadu,India,23:24.4,55,debit,666,10,2020,6,14
664,Mahe,mahe@gmail.com,5,Chennai,Tamil Nadu,India,24:17.3,1500,debit,667,10,2020,6,14
665,Chinmai,chin@gmail.com,12,Thirunelveli,Tamil Nadu,India,25:11.5,45,net banking,668,10,2020,6,14
666,Sri,sri@gmail.com,61,Salem,Tamil Nadu,India,26:04.2,30,cash,669,10,2020,6,14
667,Mullai,mul@gmail.com,7,Thirunelveli,Tamil Nadu,India,27:32.4,200,debit,670,10,2020,6,14
668,Senthil,sen@gmail.com,4,Thirunelveli,Tamil Nadu,India,28:21.5,800,debit,671,10,2020,6,14
669,Kanna,kanna@gmail.com,5,Thiruchi,Tamil Nadu,India,29:48.2,25,cash,672,10,2020,6,14
670,Panner,panne@gmail.com,7,Thiruchi,Tamil Nadu,India,31:30.4,45,debit,673,10,2020,6,14
671,Pandi,pandi@gmail.com,70,Thiruchi,Tamil Nadu,India,32:33.7,40,cash,674,10,2020,6,14
672,Poorni,poorni@gmail.com,61,Salem,Tamil Nadu,India,33:51.4,3500,net banking,675,10,2020,6,14
673,Sowmya,sow@gmail.com,2,Thirunelveli,Tamil Nadu,India,05:37.1,600,credit,676,11,2020,6,14
674,Peter,peter@gmail.com,5,Thiruchi,Tamil Nadu,India,06:16.3,1300,credit,677,11,2020,6,14
675,Karthick,kartk@gmail.com,70,Bangalore,Karnataka,India,07:04.4,1800,credit,678,11,2020,6,14
676,Revathy,revathy@gmail.com,4,Bangalore,Karnataka,India,07:46.8,1440,debit,679,11,2020,6,14
677,Chitra,chitra@gmail.com,70,Bangalore,Karnataka,India,08:33.3,1000,net banking,680,11,2020,6,14
678,Reshwanth,reshwanth@gmail.com,12,Bangalore,Karnataka,India,09:32.2,105,net banking,681,11,2020,6,14
679,Kavin,kavin@gmail.com,61,Bangalore,Karnataka,India,10:22.6,1800,debit,682,11,2020,6,14
680,Manya,manya@gmail.com,5,Salem,Tamil Nadu,India,11:07.8,800,debit,683,11,2020,6,14
681,Loschi,lochi@gmail.com,12,Salem,Tamil Nadu,India,11:59.0,1500,credit,684,11,2020,6,14
682,Nythan,nyth@gmail.com,12,Bangalore,Karnataka,India,12:42.9,1400,debit,685,11,2020,6,14
683,Eathan,ethan@gmail.com,4,Chennai,Tamil Nadu,India,16:12.2,3615,credit,686,11,2020,6,14
684,Vicky,vicky@gmail.com,4,Chennai,Tamil Nadu,India,17:14.9,70,debit,687,11,2020,6,14
685,EVE,eve@gmail.com,4,Chennai,Tamil Nadu,India,18:01.0,1500,debit,688,11,2020,6,14
686,Veena,veena@gmail.com,7,Thirunelveli,Tamil Nadu,India,22:22.6,55,cash,689,11,2020,6,14
687,Chitra,chitra@gmail.com,7,Salem,Tamil Nadu,India,23:08.0,1300,debit,690,11,2020,6,14
688,Jaishankar,jaishankar@gmail.com,4,Thiruchi,Tamil Nadu,India,23:57.7,2300,cash,691,11,2020,6,14
689,Arul,arul@gmail.com,61,Thiruchi,Tamil Nadu,India,24:41.5,1400,debit,692,11,2020,6,14
690,Divya,divya@gmail.com,4,Bangalore,Karnataka,India,25:25.8,800,credit,693,11,2020,6,14
691,Revathy,revathy@gmail.com,7,Thiruchi,Tamil Nadu,India,26:38.4,140,cash,694,11,2020,6,14
692,Moses,moses@gmail.com,5,Thirunelveli,Tamil Nadu,India,27:53.2,80,cash,695,11,2020,6,14
693,Susan,susan@gmail.com,70,Bangalore,Karnataka,India,28:47.7,150,net banking,696,11,2020,6,14
694,Maria,maria@gmail.com,61,Thirunelveli,Tamil Nadu,India,29:31.5,600,cash,697,11,2020,6,14
695,Salty,salty@gmail.com,4,Salem,Tamil Nadu,India,30:18.1,90,cash,698,11,2020,6,14
696,Abi,abi@gmail.com,70,Thirunelveli,Tamil Nadu,India,30:57.0,800,cash,699,11,2020,6,14
697,Eswar,eswar@gmail.com,5,Thiruchi,Tamil Nadu,India,34:04.8,2400,credit,700,11,2020,6,14
698,Magesh,magesh@gmail.com,7,Salem,Tamil Nadu,India,36:20.8,4500,debit,701,11,2020,6,14
699,Sowmya,sow@gmail.com,12,Thirunelveli,Tamil Nadu,India,37:37.3,1300,net banking,702,11,2020,6,14
700,Naresh,naresh@gmail.com,5,Thirunelveli,Tamil Nadu,India,42:26.5,160,debit,703,11,2020,6,14
701,Sambavi,sambavi@gmail.com,61,Thirunelveli,Tamil Nadu,India,45:55.2,1500,cash,704,11,2020,6,14
702,Naythan,naythan@mail.com,777,Chennai,Tamil Nadu,India,57:14.8,34310,debit,705,3,2020,6,15
703,Naythan,naythan@mail.com,777,Chennai,Tamil Nadu,India,57:27.0,34310,debit,706,3,2020,6,15
704,ethan,ethan@mail.com,,,Tamil Nadu,India,14:48.6,800,debit,707,4,2020,6,15
